Season;Spec;Rank;Country;Confederation;Rider1;Rank1;Score1;Rider2;Rank2;Score2;Rider3;Rank3;Score3;Score
2025;OVERALL;1;Denmark;Union Européenne de Cyclisme;Jonas Vingegaard;2;97,9273183;Mads Pedersen;6;94,9047619;Mattias Skjelmose;11;91,9924812;94,94057105
2025;OVERALL;2;Belgium;Union Européenne de Cyclisme;Remco Evenepoel;5;95,41102757;Wout van Aert;15;90,65413534;Arnaud De Lie;20;89,39348371;91,81863068
2025;OVERALL;3;Italy;Union Européenne de Cyclisme;Giulio Ciccone;10;92,56641604;Filippo Ganna;14;91,82205514;Giulio Pellizzari;21;88,65914787;91,01496286
2025;OVERALL;4;Great Britain;Union Européenne de Cyclisme;Oscar Onley;12;91,98496241;Thomas Pidcock;13;91,89974937;Simon Yates;23;88,48621554;90,7894012
2025;OVERALL;5;United States;Confederación Panamericana de Ciclismo;Brandon McNulty;16;90,57142857;Quinn Simmons;25;87,90726817;Matteo Jorgenson;34;85,88220551;88,11941955
2025;OVERALL;6;Slovenia;Union Européenne de Cyclisme;Tadej Pogačar;1;99,25062657;Primož Roglič;27;86,9924812;Matej Mohorič;100;76,52882206;87,58976737
2025;OVERALL;7;Australia;Oceanian Cycling Confederation;Michael Matthews;22;88,56390977;Michael Storer;26;87,63909774;Jay Vine;30;86,56641604;87,58893195
2025;OVERALL;8;Netherlands;Union Européenne de Cyclisme;Mathieu van der Poel;3;96,74686717;Thymen Arensman;42;84,21052632;Olav Kooij;57;81,70676692;87,55384459
2025;OVERALL;9;France;Union Européenne de Cyclisme;Kévin Vauquelin;18;90,14536341;Julian Alaphilippe;32;86,39598997;Lenny Martinez;36;85,21553885;87,25142489
2025;OVERALL;10;Spain;Union Européenne de Cyclisme;Juan Ayuso;19;89,73433584;Enric Mas;40;84,55889724;Javier Romo;51;83,13032581;85,80699489
2025;OVERALL;11;Ecuador;Confederación Panamericana de Ciclismo;Richard Carapaz;28;86,72431078;Jhonatan Narváez;33;86,39097744;Harold Martín López;88;77,36340852;83,49206398
2025;OVERALL;12;Norway;Union Européenne de Cyclisme;Tobias Halland Johannessen;29;86,64661654;Søren Wærenskjold;53;82,21804511;Jonas Abrahamsen;71;79,28822055;82,71680023
2025;OVERALL;13;Portugal;Union Européenne de Cyclisme;João Almeida;4;95,98997494;António Morgado;98;76,69172932;Afonso Eulálio;167;72,60651629;81,76192256
2025;OVERALL;14;Germany;Union Européenne de Cyclisme;Florian Lipowitz;7;93,48621554;Maximilian Schachmann;103;76,19799499;Max Kanter;127;74,52130326;81,40102391
2025;OVERALL;15;Switzerland;Union Européenne de Cyclisme;Jan Christen;50;83,22055138;Mauro Schmid;66;80,46115288;Stefan Küng;85;78,04010025;80,5731291
2025;OVERALL;16;Ireland;Union Européenne de Cyclisme;Ben Healy;8;93,24561404;Rory Townsend;84;78,12030075;Archie Ryan;278;68,26566416;79,87639421
2025;OVERALL;17;New Zealand;Oceanian Cycling Confederation;Aaron Gate;64;80,71177945;Finn Fisher-Black;72;79,21052632;Corbin Strong;75;79,03759398;79,65250338
2025;OVERALL;18;Colombia;Confederación Panamericana de Ciclismo;Egan Bernal;44;83,96240602;Einer Rubio;87;77,69674185;Santiago Buitrago;93;76,94736842;79,53471008
2025;OVERALL;19;Austria;Union Européenne de Cyclisme;Felix Gall;17;90,56140351;Felix Großschartner;187;71,68170426;Patrick Konrad;312;67,3433584;76,52805677
2025;OVERALL;20;Eritrea;Confédération Africaine de Cyclisme;Biniam Girmay;94;76,94235589;Henok Mulubrhan;114;75,19047619;Natnael Tesfatsion;301;67,67418546;73,26827316
2025;OVERALL;21;Canada;Confederación Panamericana de Ciclismo;Derek Gee;24;88,0726817;Michael Woods;345;65,9197995;Pier-André Côté;464;62,9122807;72,30086429
2025;OVERALL;22;Poland;Union Européenne de Cyclisme;Stanisław Aniołkowski;173;72,43358396;Rafał Majka;200;71,18295739;Michał Kwiatkowski;244;69,60401003;71,07280639
2025;OVERALL;23;Czechia;Union Européenne de Cyclisme;Pavel Bittner;114;75,19047619;Mathias Vacek;143;73,52882206;Matyáš Kopecký;405;64,41102757;71,0427315
2025;OVERALL;24;Mexico;Confederación Panamericana de Ciclismo;Isaac del Toro;9;92,98997494;Edgar David Cadena;651;59,23308271;Carlos Alfonso García;742;57,6566416;69,95920015
2025;OVERALL;25;Estonia;Union Européenne de Cyclisme;Madis Mihkels;135;73,85213033;Rein Taaramäe;379;65,1754386;Norman Vahtra;486;62,49122807;67,1722606
2025;OVERALL;26;Ukraine;Union Européenne de Cyclisme;Kyrylo Tsarenko;124;74,62406015;Andrii Ponomar;414;64,1679198;Anatolii Budiak;521;61,73934837;66,84310767
2025;OVERALL;27;Russia;Union Européenne de Cyclisme;Artem Nych;232;69,93483709;Petr Rikunov;370;65,3358396;Aleksandr Vlasov;418;64,08270677;66,45046331
2025;OVERALL;28;Kazakhstan;Asian Cycling Confederation;Yevgeniy Fedorov;240;69,67919799;Alexey Lutsenko;405;64,41102757;Nicolas Vinokurov;409;64,3283208;66,13885406
2025;OVERALL;29;Israel;Union Européenne de Cyclisme;Oded Kogut;262;68,85213033;Itamar Einhorn;401;64,5839599;Omer Goldstein;474;62,6566416;65,3635903
2025;OVERALL;30;Latvia;Union Européenne de Cyclisme;Toms Skujiņš;73;79,11528822;Krists Neilands;679;58,64661654;Emīls Liepiņš;755;57,56140351;65,10711835
2025;OVERALL;31;Uruguay;Confederación Panamericana de Ciclismo;Guillermo Thomas Silva;148;73,43358396;Eric Antonio Fagúndez;239;69,68170426;Ciro Pérez;1299;50,12531328;64,4128897
2025;OVERALL;32;South Africa;Confédération Africaine de Cyclisme;Louis Meintjes;319;66,92481203;Byron Munton;464;62,9122807;Alan Hatherly;478;62,5764411;64,13720323
2025;OVERALL;33;Venezuela;Confederación Panamericana de Ciclismo;Orluis Aular;176;72,43107769;Francisco Joel Peñuela;443;63,3358396;Leangel Rubén Linarez;1299;50,12531328;61,96345722
2025;OVERALL;34;Luxembourg;Union Européenne de Cyclisme;Kevin Geniets;403;64,4962406;Bob Jungels;513;61,90726817;Mats Wenzel;641;59,39849624;61,93338233
2025;OVERALL;35;Sweden;Union Européenne de Cyclisme;Jakob Söderqvist;217;70,60651629;Lucas Eriksson;619;59,64912281;David Larsson;897;55,13784461;61,79720992
2025;OVERALL;36;Slovakia;Union Européenne de Cyclisme;Lukáš Kubiš;163;72,93483709;Matthias Schwarzbacher;718;57,98746867;Martin Svrček;1044;53,63408521;61,5181818
2025;OVERALL;37;Iran;Asian Cycling Confederation;Saeid Safarzadeh;325;66,66917293;Hasan Seyfollahifard;585;60,24310777;Ali Labib Shotorban;897;55,13784461;60,68276827
2025;OVERALL;38;Japan;Asian Cycling Confederation;Yukiya Arashiro;335;66,35087719;Shiki Kuroeda;797;56,64160401;Nariyuki Masuda;945;54,63659148;59,2090988
2025;OVERALL;39;Romania;Union Européenne de Cyclisme;Cristian Raileanu;271;68,42606516;Eduard-Michael Grosu;829;56,14786967;Mattew-Denis Piciu;1113;52,38095238;58,98437256
2025;OVERALL;40;Hungary;Union Européenne de Cyclisme;Attila Valter;615;59,89974937;Bálint Feldhoffer;686;58,39598997;Márton Dina;686;58,39598997;58,89665414
2025;OVERALL;41;Argentina;Confederación Panamericana de Ciclismo;Eduardo Sepúlveda;478;62,5764411;German Nicolás Tivani;706;58,15037594;Tomas Contte;1113;52,38095238;57,70201278
2025;OVERALL;42;Uzbekistan;Asian Cycling Confederation;Nikita Tsvetkov;585;60,24310777;Muradjan Khalmuratov;718;57,98746867;Dmitriy Bocharov;999;53,89223058;57,37369526
2025;OVERALL;43;Monaco;Union Européenne de Cyclisme;Victor Langellotti;112;75,20551378;Antoine Berlin;1113;52,38095238;#N/A;#N/A;40;55,86159677
2025;OVERALL;44;Mongolia;Asian Cycling Confederation;Jambaljamts Sainbayar;761;57,39348371;Tegsh-Bayar Batsaikhan;852;55,63909774;Temuulen Khadbaatar;1113;52,38095238;55,13729323
2025;OVERALL;45;Rwanda;Confédération Africaine de Cyclisme;Vainqueur Masengesho;797;56,64160401;Eric Manizabayo;1031;53,88471178;Shemu Nsengiyumva;1113;52,38095238;54,3018797
2025;OVERALL;46;Finland;Union Européenne de Cyclisme;Jaakko Hänninen;788;56,89223058;Kasper Borremans;897;55,13784461;Axel Källberg;1299;50,12531328;54,05125564
2025;OVERALL;47;Malaysia;Asian Cycling Confederation;Muhammad Nur Aiman Bin Rosli;945;54,63659148;Mohamad Izzat Hilmi Abdul Halil;1047;52,88220551;Ren Bao Tsen;1113;52,38095238;53,29938346
2025;OVERALL;48;South Korea;Asian Cycling Confederation;Jinwoong Kim;1031;53,88471178;Jongwon Lim;1047;52,88220551;Seunghwa Joung;1113;52,38095238;53,0487594
2025;OVERALL;49;Brazil;Confederación Panamericana de Ciclismo;Henrique da Silva Avancini;939;54,72932331;Nícolas Sessler;1113;52,38095238;Henrique Bravo;1299;50,12531328;52,41133887
2025;OVERALL;50;Belarus;Union Européenne de Cyclisme;Raman Tsishkou;363;65,5037594;Dzianis Marchuk;1299;50,12531328;#N/A;#N/A;40;51,8758388
2025;OVERALL;51;Indonesia;Asian Cycling Confederation;Dimas Nur Fadhil Rizqi;1047;52,88220551;Astnan Maulana;1113;52,38095238;Julian Abi Manyu;1299;50,12531328;51,7956391
2025;OVERALL;52;Panama;Confederación Panamericana de Ciclismo;Roberto Carlos González;618;59,73684211;Carlos Samudio;1045;53,55639098;#N/A;#N/A;40;51,09723338
2025;OVERALL;53;Serbia;Union Européenne de Cyclisme;Dušan Rajović;474;62,6566416;Mihajlo Stolić;1299;50,12531328;#N/A;#N/A;40;50,92680902
2025;OVERALL;54;Turkey;Union Européenne de Cyclisme;Tahir Yiğit;662;58,89724311;Emir Uzun;1113;52,38095238;#N/A;#N/A;40;50,4255609
2025;OVERALL;55;Greece;Union Européenne de Cyclisme;Georgios Bouglas;724;57,89473684;Nikiforos Arvanitou;1299;50,12531328;#N/A;#N/A;40;49,33952331
2025;OVERALL;56;Thailand;Asian Cycling Confederation;Sarawut Sirironnachai;945;54,63659148;Thanakhan Chaiyasombat;1047;52,88220551;#N/A;#N/A;40;49,1724406
2025;OVERALL;57;Lithuania;Union Européenne de Cyclisme;Aivaras Mikutis;770;57,22807018;Dovydas Bružas;1299;50,12531328;#N/A;#N/A;40;49,11730331
2025;OVERALL;58;Malta;Union Européenne de Cyclisme;Andrea Mifsud;897;55,13784461;Aidan Buttigieg;1299;50,12531328;#N/A;#N/A;40;48,42056842
2025;OVERALL;59;Guatemala;Confederación Panamericana de Ciclismo;Sergio Geovani Chumil;386;64,91478697;#N/A;#N/A;40;#N/A;#N/A;40;48,30444594
2025;OVERALL;60;Chile;Confederación Panamericana de Ciclismo;Vicente Rojas;967;54,39348371;Camilo Marti Silva;1299;50,12531328;#N/A;#N/A;40;48,1724506
2025;OVERALL;61;Cyprus;Union Européenne de Cyclisme;Bogdan Zabelinskiy;1113;52,38095238;Alexandros Agrotis;1299;50,12531328;#N/A;#N/A;40;47,50161353
2025;OVERALL;61;China;Asian Cycling Confederation;Yongbing Gao;1113;52,38095238;Hongbo Fu;1299;50,12531328;#N/A;#N/A;40;47,50161353
2025;OVERALL;61;Ethiopia;Confédération Africaine de Cyclisme;Desta Amaniel;1113;52,38095238;#N/A;#N/A;40;Tekle Alemayo;1299;50,12531328;47,50161353
2025;OVERALL;61;Hong Kong;Asian Cycling Confederation;Tsun Wai Chu;1113;52,38095238;Shi Ho Cheung;1299;50,12531328;#N/A;#N/A;40;47,50161353
2025;OVERALL;61;Croatia;Union Européenne de Cyclisme;Fran Miholjević;1113;52,38095238;Ian Peran;1299;50,12531328;#N/A;#N/A;40;47,50161353
2025;OVERALL;61;Philippines;Asian Cycling Confederation;Ean Cajucom;1113;52,38095238;#N/A;#N/A;40;Justhene Navaluna;1299;50,12531328;47,50161353
2025;OVERALL;67;Iraq;Asian Cycling Confederation;Sulaiman Sulaiman;1113;52,38095238;#N/A;#N/A;40;#N/A;#N/A;40;44,12654286
2025;OVERALL;67;Laos;Asian Cycling Confederation;Ariya Phounsavath;1113;52,38095238;#N/A;#N/A;40;#N/A;#N/A;40;44,12654286
2025;OVERALL;69;Refugee;0;Amir Arsalan Ansari;1299;50,12531328;#N/A;#N/A;40;#N/A;#N/A;40;43,37467068
2025;OVERALL;69;United Arab Emirates;Asian Cycling Confederation;Mohammad Almutaiwei;1299;50,12531328;#N/A;#N/A;40;#N/A;#N/A;40;43,37467068
2025;OVERALL;69;Antigua and Barbuda;Confederación Panamericana de Ciclismo;Jyme Bridges;1299;50,12531328;#N/A;#N/A;40;#N/A;#N/A;40;43,37467068
2025;OVERALL;69;Albania;Union Européenne de Cyclisme;Valentino Kamberaj;1299;50,12531328;#N/A;#N/A;40;#N/A;#N/A;40;43,37467068
2025;OVERALL;69;Armenia;Union Européenne de Cyclisme;Stepan Grigoryan;1299;50,12531328;#N/A;#N/A;40;#N/A;#N/A;40;43,37467068
2025;OVERALL;69;Azerbaijan;Union Européenne de Cyclisme;Mahmud Nevzat;1299;50,12531328;#N/A;#N/A;40;#N/A;#N/A;40;43,37467068
2025;OVERALL;69;Bahrain;Asian Cycling Confederation;Ahmed Madan;1299;50,12531328;#N/A;#N/A;40;#N/A;#N/A;40;43,37467068
2025;OVERALL;69;Bolivia;Confederación Panamericana de Ciclismo;Saul Andres Camacho;1299;50,12531328;#N/A;#N/A;40;#N/A;#N/A;40;43,37467068
2025;OVERALL;69;Cameroon;Confédération Africaine de Cyclisme;Jordan Kamdem Fodjo;1299;50,12531328;#N/A;#N/A;40;#N/A;#N/A;40;43,37467068
2025;OVERALL;69;Costa Rica;Confederación Panamericana de Ciclismo;Sebastian Brenes;1299;50,12531328;#N/A;#N/A;40;#N/A;#N/A;40;43,37467068
2025;OVERALL;69;Algeria;Confédération Africaine de Cyclisme;Anes Riahi;1299;50,12531328;#N/A;#N/A;40;#N/A;#N/A;40;43,37467068
2025;OVERALL;69;Egypt;Confédération Africaine de Cyclisme;Omar Hussein Mansour;1299;50,12531328;#N/A;#N/A;40;#N/A;#N/A;40;43,37467068
2025;OVERALL;69;Guam;Oceanian Cycling Confederation;Blayde Blas;1299;50,12531328;#N/A;#N/A;40;#N/A;#N/A;40;43,37467068
2025;OVERALL;69;Kenya;Confédération Africaine de Cyclisme;Ngugi Stanley Kinyanjui;1299;50,12531328;#N/A;#N/A;40;#N/A;#N/A;40;43,37467068
2025;OVERALL;69;Kyrgyzstan;Asian Cycling Confederation;Ruslan Amankulov;1299;50,12531328;#N/A;#N/A;40;#N/A;#N/A;40;43,37467068
2025;OVERALL;69;Morocco;Confédération Africaine de Cyclisme;Saad Ait Akbour;1299;50,12531328;#N/A;#N/A;40;#N/A;#N/A;40;43,37467068
2025;OVERALL;69;Macau;Asian Cycling Confederation;Chin Pok Kam;1299;50,12531328;#N/A;#N/A;40;#N/A;#N/A;40;43,37467068
2025;OVERALL;69;Mauritius;Confédération Africaine de Cyclisme;Aurelien de Comarmond;1299;50,12531328;#N/A;#N/A;40;#N/A;#N/A;40;43,37467068
2025;OVERALL;69;French Polynesia;Oceanian Cycling Confederation;Kahiri Endeler;1299;50,12531328;#N/A;#N/A;40;#N/A;#N/A;40;43,37467068
2025;OVERALL;69;Puerto Rico;Confederación Panamericana de Ciclismo;Abner González;1299;50,12531328;#N/A;#N/A;40;#N/A;#N/A;40;43,37467068
2025;OVERALL;69;Taiwan;Asian Cycling Confederation;Yucheng Huang;1299;50,12531328;#N/A;#N/A;40;#N/A;#N/A;40;43,37467068
2025;OVERALL;69;Uganda;Confédération Africaine de Cyclisme;Lawrence Lorot;1299;50,12531328;#N/A;#N/A;40;#N/A;#N/A;40;43,37467068
2025;OVERALL;69;Virgin Islands;Confederación Panamericana de Ciclismo;Junior Samuel;1299;50,12531328;#N/A;#N/A;40;#N/A;#N/A;40;43,37467068
2025;OVERALL;92;Andorra;Union Européenne de Cyclisme;#N/A;#N/A;40;#N/A;#N/A;40;#N/A;#N/A;40;39,9996
2025;OVERALL;92;Afghanistan;Asian Cycling Confederation;#N/A;#N/A;40;#N/A;#N/A;40;#N/A;#N/A;40;39,9996
2025;OVERALL;92;Angola;Confédération Africaine de Cyclisme;#N/A;#N/A;40;#N/A;#N/A;40;#N/A;#N/A;40;39,9996
2025;OVERALL;92;Burkina Faso;Confédération Africaine de Cyclisme;#N/A;#N/A;40;#N/A;#N/A;40;#N/A;#N/A;40;39,9996
2025;OVERALL;92;Bulgaria;Union Européenne de Cyclisme;#N/A;#N/A;40;#N/A;#N/A;40;#N/A;#N/A;40;39,9996
2025;OVERALL;92;Benin;Confédération Africaine de Cyclisme;#N/A;#N/A;40;#N/A;#N/A;40;#N/A;#N/A;40;39,9996
2025;OVERALL;92;Bermuda;Confederación Panamericana de Ciclismo;#N/A;#N/A;40;#N/A;#N/A;40;#N/A;#N/A;40;39,9996
2025;OVERALL;92;Belize;Confederación Panamericana de Ciclismo;#N/A;#N/A;40;#N/A;#N/A;40;#N/A;#N/A;40;39,9996
2025;OVERALL;92;Dominican Republic;Confederación Panamericana de Ciclismo;#N/A;#N/A;40;#N/A;#N/A;40;#N/A;#N/A;40;39,9996
2025;OVERALL;92;Grenada;Confederación Panamericana de Ciclismo;#N/A;#N/A;40;#N/A;#N/A;40;#N/A;#N/A;40;39,9996
2025;OVERALL;92;Ghana;Confédération Africaine de Cyclisme;#N/A;#N/A;40;#N/A;#N/A;40;#N/A;#N/A;40;39,9996
2025;OVERALL;92;Guyana;Confederación Panamericana de Ciclismo;#N/A;#N/A;40;#N/A;#N/A;40;#N/A;#N/A;40;39,9996
2025;OVERALL;92;Honduras;Confederación Panamericana de Ciclismo;#N/A;#N/A;40;#N/A;#N/A;40;#N/A;#N/A;40;39,9996
2025;OVERALL;92;Isle of Man;Union Européenne de Cyclisme;#N/A;#N/A;40;#N/A;#N/A;40;#N/A;#N/A;40;39,9996
2025;OVERALL;92;Montenegro;Union Européenne de Cyclisme;#N/A;#N/A;40;#N/A;#N/A;40;#N/A;#N/A;40;39,9996
2025;OVERALL;92;North Macedonia;Union Européenne de Cyclisme;#N/A;#N/A;40;#N/A;#N/A;40;#N/A;#N/A;40;39,9996
2025;OVERALL;92;Mali;Confédération Africaine de Cyclisme;#N/A;#N/A;40;#N/A;#N/A;40;#N/A;#N/A;40;39,9996
2025;OVERALL;92;Mauritania;Confédération Africaine de Cyclisme;#N/A;#N/A;40;#N/A;#N/A;40;#N/A;#N/A;40;39,9996
2025;OVERALL;92;Namibia;Confédération Africaine de Cyclisme;#N/A;#N/A;40;#N/A;#N/A;40;#N/A;#N/A;40;39,9996
2025;OVERALL;92;Niger;Confédération Africaine de Cyclisme;#N/A;#N/A;40;#N/A;#N/A;40;#N/A;#N/A;40;39,9996
2025;OVERALL;92;Nigeria;Confédération Africaine de Cyclisme;#N/A;#N/A;40;#N/A;#N/A;40;#N/A;#N/A;40;39,9996
2025;OVERALL;92;Nicaragua;Confederación Panamericana de Ciclismo;#N/A;#N/A;40;#N/A;#N/A;40;#N/A;#N/A;40;39,9996
2025;OVERALL;92;Oman;Asian Cycling Confederation;#N/A;#N/A;40;#N/A;#N/A;40;#N/A;#N/A;40;39,9996
2025;OVERALL;92;Paraguay;Confederación Panamericana de Ciclismo;#N/A;#N/A;40;#N/A;#N/A;40;#N/A;#N/A;40;39,9996
2025;OVERALL;92;Qatar;Asian Cycling Confederation;#N/A;#N/A;40;#N/A;#N/A;40;#N/A;#N/A;40;39,9996
2025;OVERALL;92;Réunion;Confédération Africaine de Cyclisme;#N/A;#N/A;40;#N/A;#N/A;40;#N/A;#N/A;40;39,9996
2025;OVERALL;92;Saudi Arabia;Asian Cycling Confederation;#N/A;#N/A;40;#N/A;#N/A;40;#N/A;#N/A;40;39,9996
2025;OVERALL;92;Singapore;Asian Cycling Confederation;#N/A;#N/A;40;#N/A;#N/A;40;#N/A;#N/A;40;39,9996
2025;OVERALL;92;San Marino;Union Européenne de Cyclisme;#N/A;#N/A;40;#N/A;#N/A;40;#N/A;#N/A;40;39,9996
2025;OVERALL;92;El Salvador;Confederación Panamericana de Ciclismo;#N/A;#N/A;40;#N/A;#N/A;40;#N/A;#N/A;40;39,9996
2025;OVERALL;92;Trinidad and Tobago;Confederación Panamericana de Ciclismo;#N/A;#N/A;40;#N/A;#N/A;40;#N/A;#N/A;40;39,9996
2025;OVERALL;92;Tanzania;Confédération Africaine de Cyclisme;#N/A;#N/A;40;#N/A;#N/A;40;#N/A;#N/A;40;39,9996
2025;OVERALL;92;Vatican;Union Européenne de Cyclisme;#N/A;#N/A;40;#N/A;#N/A;40;#N/A;#N/A;40;39,9996
2025;OVERALL;92;Vietnam;Asian Cycling Confederation;#N/A;#N/A;40;#N/A;#N/A;40;#N/A;#N/A;40;39,9996
2025;OVERALL;92;Mix;0;#N/A;#N/A;40;#N/A;#N/A;40;#N/A;#N/A;40;39,9996
2024;OVERALL;1;Belgium;Union Européenne de Cyclisme;Remco Evenepoel;2;97,91478697;Jasper Philipsen;6;95,08521303;Maxim Van Gils;21;89,14285714;94,04667857
2024;OVERALL;2;Denmark;Union Européenne de Cyclisme;Jonas Vingegaard;5;95,82957393;Mads Pedersen;8;93,65413534;Mattias Skjelmose;17;90,23057644;93,23716286
2024;OVERALL;3;Slovenia;Union Européenne de Cyclisme;Tadej Pogačar;1;99,83458647;Primož Roglič;7;94,17794486;Jan Tratnik;54;83,13784461;92,38253481
2024;OVERALL;4;Spain;Union Européenne de Cyclisme;Carlos Rodríguez;9;91,90225564;Enric Mas;10;91,74185464;Mikel Landa;15;91,23057644;91,62397932
2024;OVERALL;5;Great Britain;Union Européenne de Cyclisme;Adam Yates;11;91,66917293;Stephen Williams;19;90,07518797;Thomas Pidcock;27;86,88972431;89,54379962
2024;OVERALL;6;Australia;Oceanian Cycling Confederation;Ben O'Connor;3;96,99498747;Michael Matthews;14;91,42857143;Jai Hindley;82;78,94736842;89,1227512
2024;OVERALL;7;France;Union Européenne de Cyclisme;Valentin Madouas;22;88,81453634;Romain Bardet;23;88,80952381;Christophe Laporte;25;87,72180451;88,44773707
2024;OVERALL;8;Netherlands;Union Européenne de Cyclisme;Mathieu van der Poel;4;96,82957393;Olav Kooij;44;84,46365915;Thymen Arensman;56;83,05263158;88,11440707
2024;OVERALL;9;Italy;Union Européenne de Cyclisme;Filippo Ganna;30;86,56641604;Giulio Ciccone;35;85,63909774;Luca Mozzato;37;85,56892231;85,92395278
2024;OVERALL;10;United States;Confederación Panamericana de Ciclismo;Matteo Jorgenson;13;91,64661654;Brandon McNulty;48;83,95989975;Magnus Sheffield;69;80,71428571;85,43941293
2024;OVERALL;11;Germany;Union Européenne de Cyclisme;Nils Politt;12;91,65914787;Florian Lipowitz;34;86,0726817;Georg Steinhauser;139;74,43609023;84,05513271
2024;OVERALL;12;Switzerland;Union Européenne de Cyclisme;Marc Hirschi;20;89,72431078;Stefan Küng;32;86,30576441;Jan Christen;131;74,68671679;83,57142827
2024;OVERALL;13;Colombia;Confederación Panamericana de Ciclismo;Daniel Felipe Martínez;29;86,71929825;Egan Bernal;51;83,30576441;Santiago Buitrago;75;79,78696742;83,26984398
2024;OVERALL;14;Ecuador;Confederación Panamericana de Ciclismo;Richard Carapaz;26;87,46867168;Jhonatan Narváez;48;83,95989975;Jefferson Alveiro Cepeda;138;74,43859649;81,95490308
2024;OVERALL;15;Portugal;Union Européenne de Cyclisme;João Almeida;18;90,09022556;António Morgado;68;80,79197995;Rui Oliveira;253;68,2556391;79,71181774
2024;OVERALL;16;Norway;Union Européenne de Cyclisme;Jonas Abrahamsen;67;81,04260652;Per Strand Hagenes;74;80,22807018;Søren Wærenskjold;95;77,69924812;79,65584504
2024;OVERALL;17;New Zealand;Oceanian Cycling Confederation;Laurence Pithie;57;82,97994987;Corbin Strong;89;78,36591479;Finn Fisher-Black;150;73,68421053;78,34257496
2024;OVERALL;18;Eritrea;Confédération Africaine de Cyclisme;Biniam Girmay;32;86,30576441;Natnael Tesfatsion;130;74,93984962;Henok Mulubrhan;181;71,61403509;77,61910684
2024;OVERALL;19;Ireland;Union Européenne de Cyclisme;Ben Healy;78;79,45614035;Eddie Dunbar;92;77,86466165;Sam Bennett;141;74,19298246;77,17048977
2024;OVERALL;20;Czechia;Union Européenne de Cyclisme;Jan Hirt;85;78,71929825;Pavel Bittner;123;75,44611529;Mathias Vacek;124;75,44110276;76,53474008
2024;OVERALL;21;Canada;Confederación Panamericana de Ciclismo;Derek Gee;40;85,07017544;Michael Woods;122;75,52631579;Pier-André Côté;342;65,91478697;75,50300436
2024;OVERALL;22;Latvia;Union Européenne de Cyclisme;Toms Skujiņš;16;91,06516291;Emīls Liepiņš;389;64,66165414;Krists Neilands;462;62,74185464;72,82216233
2024;OVERALL;23;Russia;Union Européenne de Cyclisme;Aleksandr Vlasov;36;85,63157895;Artem Nych;337;66,16541353;Gleb Syritsa;402;64,3283208;72,04105068
2024;OVERALL;24;Austria;Union Européenne de Cyclisme;Marco Haller;147;73,93483709;Felix Gall;178;71,67919799;Gregor Mühlberger;220;69,43358396;71,68182286
2024;OVERALL;25;Poland;Union Européenne de Cyclisme;Stanisław Aniołkowski;206;70,17794486;Michał Kwiatkowski;235;68,84461153;Rafał Majka;252;68,26566416;69,09538256
2024;OVERALL;26;Estonia;Union Européenne de Cyclisme;Madis Mihkels;227;69,34085213;Karl Patrick Lauk;258;68,11027569;Siim Kiskonen;384;64,7593985;67,40283474
2024;OVERALL;27;Hungary;Union Européenne de Cyclisme;Attila Valter;64;81,63408521;Márton Dina;419;63,7443609;Erik Fetter;839;55,13784461;66,83809519
2024;OVERALL;28;Kazakhstan;Asian Cycling Confederation;Alexey Lutsenko;119;75,78195489;Ilkhan Dostiyev;488;62,15538847;Yevgeniy Fedorov;524;61,40350877;66,44628624
2024;OVERALL;29;Luxembourg;Union Européenne de Cyclisme;Alex Kirsch;244;68,59649123;Kevin Geniets;284;67,58897243;Michel Ries;501;61,90726817;66,0302503
2024;OVERALL;30;Mexico;Confederación Panamericana de Ciclismo;Isaac del Toro;42;84,81453634;Edgar David Cadena;807;55,47368421;José Ramón Muñiz;1005;52,88220551;64,38949812
2024;OVERALL;31;Uruguay;Confederación Panamericana de Ciclismo;Guillermo Thomas Silva;140;74,20050125;Eric Antonio Fagúndez;295;66,92230576;Mauricio Moreira;1243;50,12531328;63,74873594
2024;OVERALL;32;South Africa;Confédération Africaine de Cyclisme;Louis Meintjes;379;64,91478697;Ryan Gibbons;405;64,24561404;Morné Van Niekerk;510;61,73934837;63,63261346
2024;OVERALL;33;Israel;Union Européenne de Cyclisme;Oded Kogut;378;64,9197995;Itamar Einhorn;479;62,3283208;Nadav Raisberg;729;56,89223058;61,37950316
2024;OVERALL;34;Venezuela;Confederación Panamericana de Ciclismo;Orluis Aular;186;71,43107769;Francisco Joel Peñuela;780;55,89724311;Yonathan Monsalve;839;55,13784461;60,82144692
2024;OVERALL;35;Thailand;Asian Cycling Confederation;Thanakhan Chaiyasombat;427;63,49874687;Peerapol Chawchiangkwang;495;61,99498747;Noppachai Klahan;788;55,63909774;60,37700692
2024;OVERALL;36;Japan;Asian Cycling Confederation;Yuma Koishi;375;65,01002506;Shotaro Iribe;729;56,89223058;Atsushi Oka;755;56,48370927;59,46139368
2024;OVERALL;37;Ukraine;Union Européenne de Cyclisme;Anatolii Budiak;502;61,9047619;Kyrylo Tsarenko;627;58,73182957;Andrii Ponomar;705;57,22807018;59,28762767
2024;OVERALL;38;Argentina;Confederación Panamericana de Ciclismo;Eduardo Sepúlveda;497;61,98997494;Tomas Contte;769;56,23308271;German Nicolás Tivani;780;55,89724311;58,03951985
2024;OVERALL;39;Sweden;Union Européenne de Cyclisme;Jakob Söderqvist;619;58,89724311;Lucas Eriksson;636;58,56390977;Tobias Ludvigsson;807;55,47368421;57,64436925
2024;OVERALL;40;Mongolia;Asian Cycling Confederation;Jambaljamts Sainbayar;602;59,39849624;Tegsh-Bayar Batsaikhan;666;57,98746867;Bold Iderbold;1005;52,88220551;56,75548925
2024;OVERALL;41;Ethiopia;Confédération Africaine de Cyclisme;Welay Hagos Berhe;473;62,4962406;Mulu Kinfe Hailemichael;1086;52,38095238;Negasi Haylu Abreha;1237;52,13032581;55,66861624
2024;OVERALL;42;Slovakia;Union Européenne de Cyclisme;Lukáš Kubiš;642;58,39598997;Martin Svrček;704;57,23057644;Tomáš Badinský;1243;50,12531328;55,25007406
2024;OVERALL;43;Malaysia;Asian Cycling Confederation;Mohamad Izzat Hilmi Abdul Halil;807;55,47368421;Ren Bao Tsen;839;55,13784461;Muhammad Nur Aiman Bin Rosli;944;54,38596491;54,99861459
2024;OVERALL;44;China;Asian Cycling Confederation;Kuicheng Wang;883;54,72932331;Xianjing Lyu;916;54,39348371;Yutao Shen;1005;52,88220551;54,00113083
2024;OVERALL;45;Panama;Confederación Panamericana de Ciclismo;Carlos Samudio;735;56,64912281;Roberto Carlos González;839;55,13784461;Franklin Archibold;1243;50,12531328;53,97022053
2024;OVERALL;46;Monaco;Union Européenne de Cyclisme;Victor Langellotti;315;66,5839599;Antoine Berlin;956;53,89223058;#N/A;#N/A;40;53,49152857
2024;OVERALL;47;Indonesia;Asian Cycling Confederation;Aiman Cahyadi;893;54,63659148;Muhamad Herlangga;1005;52,88220551;Ilham Dzikri Ramadhan;1086;52,38095238;53,29938346
2024;OVERALL;48;Greece;Union Européenne de Cyclisme;Georgios Bouglas;839;55,13784461;Periklis Ilias;993;53,88471178;Nikiforos Arvanitou;1243;50,12531328;53,0487594
2024;OVERALL;49;Lithuania;Union Européenne de Cyclisme;Venantas Lašinis;839;55,13784461;Rokas Kmieliauskas;1086;52,38095238;Rokas Adomaitis;1243;50,12531328;52,54751128
2024;OVERALL;50;Brazil;Confederación Panamericana de Ciclismo;Nícolas Sessler;916;54,39348371;Vinícius Rangel;1005;52,88220551;Andrey Braguini;1243;50,12531328;52,46647617
2024;OVERALL;51;Romania;Union Européenne de Cyclisme;Cristian Raileanu;371;65,17794486;Leonard Barbu;1243;50,12531328;#N/A;#N/A;40;51,76723504
2024;OVERALL;52;Serbia;Union Européenne de Cyclisme;Dušan Rajović;720;57,06015038;Đorđe Đurić;1243;50,12531328;#N/A;#N/A;40;49,0613306
2024;OVERALL;53;Iran;Asian Cycling Confederation;Saeid Safarzadeh;776;56,14035088;Amir Kolahdozhagh;1243;50,12531328;#N/A;#N/A;40;48,75473383
2024;OVERALL;54;Finland;Union Européenne de Cyclisme;Jaakko Hänninen;830;55,39598997;Antti-Jussi Juntunen;1243;50,12531328;#N/A;#N/A;40;48,50661602
2024;OVERALL;55;Philippines;Asian Cycling Confederation;Jericho Lucero;1005;52,88220551;Rench Michael Bondoc;1086;52,38095238;#N/A;#N/A;40;48,42056842
2024;OVERALL;55;Rwanda;Confédération Africaine de Cyclisme;Eric Manizabayo;1005;52,88220551;Vainqueur Masengesho;1086;52,38095238;#N/A;#N/A;40;48,42056842
2024;OVERALL;57;Cyprus;Union Européenne de Cyclisme;Andreas Miltiadis;956;53,89223058;Alexandros Agrotis;1243;50,12531328;#N/A;#N/A;40;48,00536789
2024;OVERALL;57;Malta;Union Européenne de Cyclisme;Andrea Mifsud;956;53,89223058;Aidan Buttigieg;1243;50,12531328;#N/A;#N/A;40;48,00536789
2024;OVERALL;59;Belarus;Union Européenne de Cyclisme;Siarhei Shauchenka;1005;52,88220551;Vasili Bialiauski;1243;50,12531328;#N/A;#N/A;40;47,66869624
2024;OVERALL;59;South Korea;Asian Cycling Confederation;Sanghong Park;1005;52,88220551;Gyusung Cho;1243;50,12531328;#N/A;#N/A;40;47,66869624
2024;OVERALL;59;Taiwan;Asian Cycling Confederation;Chun Kai Feng;1005;52,88220551;Yucheng Huang;1243;50,12531328;#N/A;#N/A;40;47,66869624
2024;OVERALL;59;Turkey;Union Européenne de Cyclisme;Burak Abay;1005;52,88220551;#N/A;#N/A;40;Furkan Akcam;1243;50,12531328;47,66869624
2024;OVERALL;63;Puerto Rico;Confederación Panamericana de Ciclismo;Abner González;460;62,74686717;#N/A;#N/A;40;#N/A;#N/A;40;47,58181323
2024;OVERALL;64;Chile;Confederación Panamericana de Ciclismo;Vicente Rojas;1086;52,38095238;Pablo Andres Alarcón;1243;50,12531328;#N/A;#N/A;40;47,50161353
2024;OVERALL;64;Croatia;Union Européenne de Cyclisme;Fran Miholjević;1086;52,38095238;Nicolas Gojković;1243;50,12531328;#N/A;#N/A;40;47,50161353
2024;OVERALL;66;Guatemala;Confederación Panamericana de Ciclismo;Sergio Geovani Chumil;738;56,64160401;#N/A;#N/A;40;#N/A;#N/A;40;45,54674586
2024;OVERALL;67;Laos;Asian Cycling Confederation;Ariya Phounsavath;1086;52,38095238;#N/A;#N/A;40;#N/A;#N/A;40;44,12654286
2024;OVERALL;68;Albania;Union Européenne de Cyclisme;Gabriele De Fabritiis;1243;50,12531328;#N/A;#N/A;40;#N/A;#N/A;40;43,37467068
2024;OVERALL;68;Algeria;Confédération Africaine de Cyclisme;Hamza Amari;1243;50,12531328;#N/A;#N/A;40;#N/A;#N/A;40;43,37467068
2024;OVERALL;68;Angola;Confédération Africaine de Cyclisme;Euclides Chingui;1243;50,12531328;#N/A;#N/A;40;#N/A;#N/A;40;43,37467068
2024;OVERALL;68;Armenia;Union Européenne de Cyclisme;Stepan Grigoryan;1243;50,12531328;#N/A;#N/A;40;#N/A;#N/A;40;43,37467068
2024;OVERALL;68;Azerbaijan;Union Européenne de Cyclisme;Elgun Alizada;1243;50,12531328;#N/A;#N/A;40;#N/A;#N/A;40;43,37467068
2024;OVERALL;68;Bahrain;Asian Cycling Confederation;Ahmed Madan;1243;50,12531328;#N/A;#N/A;40;#N/A;#N/A;40;43,37467068
2024;OVERALL;68;Bolivia;Confederación Panamericana de Ciclismo;Jose Manuel Aramayo;1243;50,12531328;#N/A;#N/A;40;#N/A;#N/A;40;43,37467068
2024;OVERALL;68;Bulgaria;Union Européenne de Cyclisme;Gabriel Grozev;1243;50,12531328;#N/A;#N/A;40;#N/A;#N/A;40;43,37467068
2024;OVERALL;68;Costa Rica;Confederación Panamericana de Ciclismo;Luis Aguilar;1243;50,12531328;#N/A;#N/A;40;#N/A;#N/A;40;43,37467068
2024;OVERALL;68;Egypt;Confédération Africaine de Cyclisme;Abdelrahman Adel Elzoghaby;1243;50,12531328;#N/A;#N/A;40;#N/A;#N/A;40;43,37467068
2024;OVERALL;68;French Polynesia;Oceanian Cycling Confederation;Kahiri Endeler;1243;50,12531328;#N/A;#N/A;40;#N/A;#N/A;40;43,37467068
2024;OVERALL;68;Guam;Oceanian Cycling Confederation;Dan Aponik;1243;50,12531328;#N/A;#N/A;40;#N/A;#N/A;40;43,37467068
2024;OVERALL;68;Hong Kong;Asian Cycling Confederation;Tsun Wai Chu;1243;50,12531328;#N/A;#N/A;40;#N/A;#N/A;40;43,37467068
2024;OVERALL;68;Macau;Asian Cycling Confederation;Chin Pok Kam;1243;50,12531328;#N/A;#N/A;40;#N/A;#N/A;40;43,37467068
2024;OVERALL;68;Mauritius;Confédération Africaine de Cyclisme;Alexandre Mayer;1243;50,12531328;#N/A;#N/A;40;#N/A;#N/A;40;43,37467068
2024;OVERALL;68;Morocco;Confédération Africaine de Cyclisme;Youssef Bdadou;1243;50,12531328;#N/A;#N/A;40;#N/A;#N/A;40;43,37467068
2024;OVERALL;68;North Macedonia;Union Européenne de Cyclisme;Luka Dimitrijoski;1243;50,12531328;#N/A;#N/A;40;#N/A;#N/A;40;43,37467068
2024;OVERALL;68;Uganda;Confédération Africaine de Cyclisme;Paul Lomuria;1243;50,12531328;#N/A;#N/A;40;#N/A;#N/A;40;43,37467068
2024;OVERALL;68;United Arab Emirates;Asian Cycling Confederation;Abdulla Sultan Alhammadi;1243;50,12531328;#N/A;#N/A;40;#N/A;#N/A;40;43,37467068
2024;OVERALL;68;Uzbekistan;Asian Cycling Confederation;Davirjan Abdurakhmanov;1243;50,12531328;#N/A;#N/A;40;#N/A;#N/A;40;43,37467068
2024;OVERALL;68;Afghanistan;Asian Cycling Confederation;Fasihulla Rahmani;1243;50,12531328;#N/A;#N/A;40;#N/A;#N/A;40;43,37467068
2024;OVERALL;68;Grenada;Confederación Panamericana de Ciclismo;Red Walters;1243;50,12531328;#N/A;#N/A;40;#N/A;#N/A;40;43,37467068
2024;OVERALL;90;Andorra;Union Européenne de Cyclisme;#N/A;#N/A;40;#N/A;#N/A;40;#N/A;#N/A;40;39,9996
2024;OVERALL;90;Antigua and Barbuda;Confederación Panamericana de Ciclismo;#N/A;#N/A;40;#N/A;#N/A;40;#N/A;#N/A;40;39,9996
2024;OVERALL;90;Belize;Confederación Panamericana de Ciclismo;#N/A;#N/A;40;#N/A;#N/A;40;#N/A;#N/A;40;39,9996
2024;OVERALL;90;Benin;Confédération Africaine de Cyclisme;#N/A;#N/A;40;#N/A;#N/A;40;#N/A;#N/A;40;39,9996
2024;OVERALL;90;Bermuda;Confederación Panamericana de Ciclismo;#N/A;#N/A;40;#N/A;#N/A;40;#N/A;#N/A;40;39,9996
2024;OVERALL;90;Burkina Faso;Confédération Africaine de Cyclisme;#N/A;#N/A;40;#N/A;#N/A;40;#N/A;#N/A;40;39,9996
2024;OVERALL;90;Cameroon;Confédération Africaine de Cyclisme;#N/A;#N/A;40;#N/A;#N/A;40;#N/A;#N/A;40;39,9996
2024;OVERALL;90;Dominican Republic;Confederación Panamericana de Ciclismo;#N/A;#N/A;40;#N/A;#N/A;40;#N/A;#N/A;40;39,9996
2024;OVERALL;90;El Salvador;Confederación Panamericana de Ciclismo;#N/A;#N/A;40;#N/A;#N/A;40;#N/A;#N/A;40;39,9996
2024;OVERALL;90;Ghana;Confédération Africaine de Cyclisme;#N/A;#N/A;40;#N/A;#N/A;40;#N/A;#N/A;40;39,9996
2024;OVERALL;90;Guyana;Confederación Panamericana de Ciclismo;#N/A;#N/A;40;#N/A;#N/A;40;#N/A;#N/A;40;39,9996
2024;OVERALL;90;Honduras;Confederación Panamericana de Ciclismo;#N/A;#N/A;40;#N/A;#N/A;40;#N/A;#N/A;40;39,9996
2024;OVERALL;90;Iraq;Asian Cycling Confederation;#N/A;#N/A;40;#N/A;#N/A;40;#N/A;#N/A;40;39,9996
2024;OVERALL;90;Isle of Man;Union Européenne de Cyclisme;#N/A;#N/A;40;#N/A;#N/A;40;#N/A;#N/A;40;39,9996
2024;OVERALL;90;Kenya;Confédération Africaine de Cyclisme;#N/A;#N/A;40;#N/A;#N/A;40;#N/A;#N/A;40;39,9996
2024;OVERALL;90;Kyrgyzstan;Asian Cycling Confederation;#N/A;#N/A;40;#N/A;#N/A;40;#N/A;#N/A;40;39,9996
2024;OVERALL;90;Mali;Confédération Africaine de Cyclisme;#N/A;#N/A;40;#N/A;#N/A;40;#N/A;#N/A;40;39,9996
2024;OVERALL;90;Mauritania;Confédération Africaine de Cyclisme;#N/A;#N/A;40;#N/A;#N/A;40;#N/A;#N/A;40;39,9996
2024;OVERALL;90;Mix;0;#N/A;#N/A;40;#N/A;#N/A;40;#N/A;#N/A;40;39,9996
2024;OVERALL;90;Montenegro;Union Européenne de Cyclisme;#N/A;#N/A;40;#N/A;#N/A;40;#N/A;#N/A;40;39,9996
2024;OVERALL;90;Namibia;Confédération Africaine de Cyclisme;#N/A;#N/A;40;#N/A;#N/A;40;#N/A;#N/A;40;39,9996
2024;OVERALL;90;Nicaragua;Confederación Panamericana de Ciclismo;#N/A;#N/A;40;#N/A;#N/A;40;#N/A;#N/A;40;39,9996
2024;OVERALL;90;Niger;Confédération Africaine de Cyclisme;#N/A;#N/A;40;#N/A;#N/A;40;#N/A;#N/A;40;39,9996
2024;OVERALL;90;Nigeria;Confédération Africaine de Cyclisme;#N/A;#N/A;40;#N/A;#N/A;40;#N/A;#N/A;40;39,9996
2024;OVERALL;90;Oman;Asian Cycling Confederation;#N/A;#N/A;40;#N/A;#N/A;40;#N/A;#N/A;40;39,9996
2024;OVERALL;90;Paraguay;Confederación Panamericana de Ciclismo;#N/A;#N/A;40;#N/A;#N/A;40;#N/A;#N/A;40;39,9996
2024;OVERALL;90;Qatar;Asian Cycling Confederation;#N/A;#N/A;40;#N/A;#N/A;40;#N/A;#N/A;40;39,9996
2024;OVERALL;90;Refugee;0;#N/A;#N/A;40;#N/A;#N/A;40;#N/A;#N/A;40;39,9996
2024;OVERALL;90;Réunion;Confédération Africaine de Cyclisme;#N/A;#N/A;40;#N/A;#N/A;40;#N/A;#N/A;40;39,9996
2024;OVERALL;90;San Marino;Union Européenne de Cyclisme;#N/A;#N/A;40;#N/A;#N/A;40;#N/A;#N/A;40;39,9996
2024;OVERALL;90;Saudi Arabia;Asian Cycling Confederation;#N/A;#N/A;40;#N/A;#N/A;40;#N/A;#N/A;40;39,9996
2024;OVERALL;90;Singapore;Asian Cycling Confederation;#N/A;#N/A;40;#N/A;#N/A;40;#N/A;#N/A;40;39,9996
2024;OVERALL;90;Tanzania;Confédération Africaine de Cyclisme;#N/A;#N/A;40;#N/A;#N/A;40;#N/A;#N/A;40;39,9996
2024;OVERALL;90;Trinidad and Tobago;Confederación Panamericana de Ciclismo;#N/A;#N/A;40;#N/A;#N/A;40;#N/A;#N/A;40;39,9996
2024;OVERALL;90;Vatican;Union Européenne de Cyclisme;#N/A;#N/A;40;#N/A;#N/A;40;#N/A;#N/A;40;39,9996
2024;OVERALL;90;Vietnam;Asian Cycling Confederation;#N/A;#N/A;40;#N/A;#N/A;40;#N/A;#N/A;40;39,9996
2024;OVERALL;90;Virgin Islands;Confederación Panamericana de Ciclismo;#N/A;#N/A;40;#N/A;#N/A;40;#N/A;#N/A;40;39,9996
2023;OVERALL;1;Slovenia;Union Européenne de Cyclisme;Tadej Pogačar;2;98,24561404;Primož Roglič;4;97,8320802;Matej Mohorič;34;85,46616541;93,84701474
2023;OVERALL;2;Great Britain;Union Européenne de Cyclisme;Adam Yates;5;95,73934837;Simon Yates;9;93,15037594;Thomas Pidcock;11;92,48370927;93,79020662
2023;OVERALL;3;Denmark;Union Européenne de Cyclisme;Jonas Vingegaard;1;98,5037594;Mads Pedersen;8;93,31829574;Mattias Skjelmose;17;89,40350877;93,74091722
2023;OVERALL;4;Belgium;Union Européenne de Cyclisme;Wout van Aert;6;95,23809524;Remco Evenepoel;7;94,32330827;Jasper Philipsen;14;90,32080201;93,29313556
2023;OVERALL;5;Spain;Union Européenne de Cyclisme;Pello Bilbao;13;91,14536341;Mikel Landa;15;89,89724311;Juan Ayuso;22;89,0877193;90,0425415
2023;OVERALL;6;Italy;Union Européenne de Cyclisme;Filippo Ganna;12;91,56641604;Damiano Caruso;20;89,16290727;Andrea Bagioli;28;87,38847118;89,37170444
2023;OVERALL;7;France;Union Européenne de Cyclisme;Christophe Laporte;18;89,40100251;Valentin Madouas;19;89,22556391;David Gaudu;29;87,31077694;88,64489466
2023;OVERALL;8;United States;Confederación Panamericana de Ciclismo;Sepp Kuss;24;88,80701754;Neilson Powless;33;85,88471178;Matteo Jorgenson;36;85,21553885;86,6348897
2023;OVERALL;9;Netherlands;Union Européenne de Cyclisme;Mathieu van der Poel;3;97,99498747;Olav Kooij;56;80,71177945;Danny van Poppel;57;80,70175439;86,46864241
2023;OVERALL;10;Australia;Oceanian Cycling Confederation;Jai Hindley;27;87,39348371;Michael Matthews;44;83,12531328;Ben O'Connor;46;82,62656642;84,38094398
2023;OVERALL;11;Switzerland;Union Européenne de Cyclisme;Stefan Küng;21;89,14536341;Marc Hirschi;67;79,69924812;Mauro Schmid;92;77,11528822;81,98581338
2023;OVERALL;12;Portugal;Union Européenne de Cyclisme;João Almeida;10;92,90225564;Rui Costa;61;80,45112782;Ruben Guerreiro;185;71,59899749;81,64997714
2023;OVERALL;13;Austria;Union Européenne de Cyclisme;Felix Gall;39;83,96741855;Patrick Konrad;69;79,30576441;Felix Großschartner;71;78,70927318;80,66001211
2023;OVERALL;14;Colombia;Confederación Panamericana de Ciclismo;Santiago Buitrago;31;86,21553885;Juan Sebastián Molano;75;78,28571429;Einer Rubio;99;76,77944862;80,42609632
2023;OVERALL;15;Ireland;Union Européenne de Cyclisme;Ben Healy;23;89,0726817;Eddie Dunbar;59;80,62155388;Rory Townsend;226;69,9273183;79,87305256
2023;OVERALL;16;Germany;Union Européenne de Cyclisme;Lennard Kämna;41;83,21553885;Nico Denz;96;76,95488722;Marius Mayrhofer;104;76,44611529;78,87139173
2023;OVERALL;17;Norway;Union Européenne de Cyclisme;Andreas Leknessund;78;78,21553885;Rasmus Tiller;89;77,36340852;Tobias Halland Johannessen;119;75,35839599;76,97834466
2023;OVERALL;18;New Zealand;Oceanian Cycling Confederation;Corbin Strong;50;81,62155388;Laurence Pithie;121;75,27819549;George Jackson;229;69,92481203;75,60743105
2023;OVERALL;19;Ecuador;Confederación Panamericana de Ciclismo;Richard Carapaz;89;77,36340852;Jefferson Alexander Cepeda;149;73,35087719;Jhonatan Narváez;245;68,9273183;73,21313586
2023;OVERALL;20;Poland;Union Européenne de Cyclisme;Michał Kwiatkowski;64;79,88972431;Rafał Majka;192;71,43107769;Jakub Mareczko;288;67,5914787;72,97003053
2023;OVERALL;21;Eritrea;Confédération Africaine de Cyclisme;Henok Mulubrhan;110;75,78195489;Amanuel Ghebreigzabhier;184;71,60401003;Biniam Girmay;192;71,43107769;72,93828481
2023;OVERALL;22;Canada;Confederación Panamericana de Ciclismo;Michael Woods;63;79,95739348;Hugo Houle;263;68,2556391;James Piccoli;316;66,7518797;71,65425421
2023;OVERALL;23;Russia;Union Européenne de Cyclisme;Aleksandr Vlasov;16;89,48120301;Artem Nych;561;60,98746867;Gleb Syritsa;624;59,73684211;70,06780391
2023;OVERALL;24;Kazakhstan;Asian Cycling Confederation;Alexey Lutsenko;85;77,69423559;Andrey Zeits;298;67,25313283;Vadim Pronskiy;383;64,9122807;69,95251684
2023;OVERALL;25;Latvia;Union Européenne de Cyclisme;Toms Skujiņš;77;78,28070175;Krists Neilands;290;67,58646617;Emīls Liepiņš;546;61,32330827;69,06280143
2023;OVERALL;26;South Africa;Confédération Africaine de Cyclisme;Louis Meintjes;191;71,44110276;Willie Smit;438;63,3283208;Stefan de Bod;543;61,4085213;65,39199436
2023;OVERALL;27;Czechia;Union Européenne de Cyclisme;Jakub Otruba;281;67,67418546;Mathias Vacek;408;64,16290727;Karel Vacek;426;63,66666667;65,16726812
2023;OVERALL;28;Luxembourg;Union Européenne de Cyclisme;Alex Kirsch;265;68,1754386;Kevin Geniets;403;64,41102757;Bob Jungels;460;62,74185464;65,10878917
2023;OVERALL;29;Venezuela;Confederación Panamericana de Ciclismo;Orluis Aular;146;73,52130326;Leonel Quintero;537;61,42606516;Leangel Rubén Linarez;725;57,98496241;64,31013383
2023;OVERALL;30;Hungary;Union Européenne de Cyclisme;Attila Valter;139;73,94235589;Erik Fetter;632;59,57142857;Péter Kusztor;729;57,89473684;63,80220241
2023;OVERALL;31;Estonia;Union Européenne de Cyclisme;Rein Taaramäe;333;66,1679198;Madis Mihkels;452;62,90726817;Norman Vahtra;518;61,73934837;63,6042094
2023;OVERALL;32;Argentina;Confederación Panamericana de Ciclismo;Eduardo Sepúlveda;273;67,92481203;German Nicolás Tivani;384;64,839599;Leandro Carlos Messineo;817;56,64160401;63,13470699
2023;OVERALL;33;Mongolia;Asian Cycling Confederation;Tegsh-Bayar Batsaikhan;306;67,00501253;Jambaljamts Sainbayar;371;65,08270677;Myagmarsuren Baasankhuu;798;56,89223058;62,99268669
2023;OVERALL;34;Japan;Asian Cycling Confederation;Atsushi Oka;449;62,9122807;Yuma Koishi;507;61,9047619;Junsei Tani;694;58,56892231;61,12804368
2023;OVERALL;35;Ukraine;Union Européenne de Cyclisme;Anatolii Budiak;405;64,3283208;Mark Padun;577;60,65162907;Andrii Ponomar;766;57,31328321;60,76380338
2023;OVERALL;36;Ethiopia;Confédération Africaine de Cyclisme;Welay Hagos Berhe;460;62,74185464;Mulu Kinfe Hailemichael;553;61,15288221;Tsgabu Grmay;716;58,31328321;60,73539932
2023;OVERALL;37;Israel;Union Européenne de Cyclisme;Itamar Einhorn;306;67,00501253;Omer Goldstein;798;56,89223058;Nadav Raisberg;990;54,39348371;59,42964797
2023;OVERALL;38;Iran;Asian Cycling Confederation;Saeid Safarzadeh;318;66,66917293;Ali Labib Shotorban;990;54,39348371;Khalil Khorshid;1053;53,88471178;58,31520632
2023;OVERALL;39;Slovakia;Union Européenne de Cyclisme;Peter Sagan;418;63,99749373;Matúš Štoček;705;58,39598997;Lukáš Kubiš;1152;52,38095238;58,25756278
2023;OVERALL;40;Greece;Union Européenne de Cyclisme;Polychronis Tzortzakis;487;62,17794486;Georgios Bouglas;792;56,97744361;Periklis Ilias;952;54,72932331;57,96099098
2023;OVERALL;41;Thailand;Asian Cycling Confederation;Thanakhan Chaiyasombat;550;61,24561404;Sarawut Sirironnachai;792;56,97744361;Navuti Liphongyu;912;55,13784461;57,78638955
2023;OVERALL;42;Uruguay;Confederación Panamericana de Ciclismo;Eric Antonio Fagúndez;302;67,17042607;Mauricio Moreira;990;54,39348371;Guillermo Thomas Silva;1336;50,12531328;57,22916872
2023;OVERALL;43;Indonesia;Asian Cycling Confederation;Terry Kusuma;576;60,6566416;Aiman Cahyadi;817;56,64160401;Muhammad Andy Royan;1053;53,88471178;57,06041519
2023;OVERALL;44;Sweden;Union Européenne de Cyclisme;Lucas Eriksson;607;59,98496241;Tobias Ludvigsson;884;55,47368421;Hjalmar Klyver;912;55,13784461;56,86492842
2023;OVERALL;45;Algeria;Confédération Africaine de Cyclisme;Hamza Amari;617;59,89974937;Azzedine Lagab;1026;54,38596491;Youcef Reguigui;1152;52,38095238;55,555
2023;OVERALL;46;Romania;Union Européenne de Cyclisme;Cristian Raileanu;561;60,98746867;Emil Dima;1074;52,88220551;Leonard Barbu;1336;50,12531328;54,66444917
2023;OVERALL;47;South Korea;Asian Cycling Confederation;Kyung-Gu Jang;792;56,97744361;Keon Woo Park;1032;53,89223058;Daeyeong Joo;1074;52,88220551;54,58341406
2023;OVERALL;48;China;Asian Cycling Confederation;Zhi Hui Jiang;884;55,47368421;Junqi Shao;912;55,13784461;Dongyi Hou;1074;52,88220551;54,49736647
2023;OVERALL;49;Mexico;Confederación Panamericana de Ciclismo;Eder Frayre;817;56,64160401;Isaac Del Toro;912;55,13784461;Miguel Luis Álvarez;1336;50,12531328;53,96771429
2023;OVERALL;50;Mauritius;Confédération Africaine de Cyclisme;Christopher Rougier-Lagane;661;59,14786967;Alexandre Mayer;1152;52,38095238;Hanson Matombé;1336;50,12531328;53,88417293
2023;OVERALL;51;Philippines;Asian Cycling Confederation;Marcelo Felipe;849;56,14035088;Nichol Blanca Pareja;967;54,63659148;Jerry Aquino;1336;50,12531328;53,63354887
2023;OVERALL;52;Taiwan;Asian Cycling Confederation;Shao Hsuan Lu;864;55,63909774;Kun Hung Hung;1152;52,38095238;Chun Kai Feng;1336;50,12531328;52,71459398
2023;OVERALL;53;Brazil;Confederación Panamericana de Ciclismo;Nícolas Sessler;990;54,39348371;Vinícius Rangel;1152;52,38095238;Lauro Cesar Chaman;1336;50,12531328;52,29939346
2023;OVERALL;54;Panama;Confederación Panamericana de Ciclismo;Roberto Carlos González;1074;52,88220551;Carlos Samudio;1152;52,38095238;Franklin Archibold;1336;50,12531328;51,7956391
2023;OVERALL;55;Monaco;Union Européenne de Cyclisme;Victor Langellotti;502;61,98997494;Antoine Berlin;1336;50,12531328;#N/A;#N/A;40;50,70458902
2023;OVERALL;56;Finland;Union Européenne de Cyclisme;Jaakko Hänninen;762;57,39348371;Antti-Jussi Juntunen;1152;52,38095238;#N/A;#N/A;40;49,92431278
2023;OVERALL;57;Malaysia;Asian Cycling Confederation;Mohamad Izzat Hilmi Abdul Halil;990;54,39348371;#N/A;#N/A;40;Mohd Harrif Saleh;1074;52,88220551;49,09140549
2023;OVERALL;58;Costa Rica;Confederación Panamericana de Ciclismo;Andrey Amador;809;56,73433584;Kevin Rivera;1336;50,12531328;#N/A;#N/A;40;48,95272684
2023;OVERALL;59;Serbia;Union Européenne de Cyclisme;Dušan Rajović;841;56,39348371;Đorđe Đurić;1336;50,12531328;#N/A;#N/A;40;48,8391106
2023;OVERALL;60;Rwanda;Confédération Africaine de Cyclisme;Eric Muhoza;1074;52,88220551;Eric Manizabayo;1152;52,38095238;#N/A;#N/A;40;48,42056842
2023;OVERALL;61;Belarus;Union Européenne de Cyclisme;Alexandr Riabushenko;1032;53,89223058;Vasili Bialiauski;1336;50,12531328;#N/A;#N/A;40;48,00536789
2023;OVERALL;62;Chile;Confederación Panamericana de Ciclismo;Vicente Rojas;1053;53,88471178;Pablo Andres Alarcón;1336;50,12531328;#N/A;#N/A;40;48,00286165
2023;OVERALL;63;Croatia;Union Européenne de Cyclisme;Viktor Potočki;1074;52,88220551;Antonio Barać;1336;50,12531328;#N/A;#N/A;40;47,66869624
2023;OVERALL;64;Andorra;Union Européenne de Cyclisme;Víctor de la Parte;454;62,8320802;#N/A;#N/A;40;#N/A;#N/A;40;47,61021729
2023;OVERALL;65;Iraq;Asian Cycling Confederation;Abdullah Wehbi;1152;52,38095238;Moamin Ahmed;1336;50,12531328;#N/A;#N/A;40;47,50161353
2023;OVERALL;65;Uzbekistan;Asian Cycling Confederation;Sergey Rostovtsev;1152;52,38095238;Timur Abdukhakimov;1336;50,12531328;#N/A;#N/A;40;47,50161353
2023;OVERALL;67;Grenada;Confederación Panamericana de Ciclismo;Red Walters;702;58,40350877;#N/A;#N/A;40;#N/A;#N/A;40;46,13404158
2023;OVERALL;68;Cyprus;Union Européenne de Cyclisme;Andreas Miltiadis;798;56,89223058;#N/A;#N/A;40;#N/A;#N/A;40;45,63028722
2023;OVERALL;69;Puerto Rico;Confederación Panamericana de Ciclismo;Abner González;912;55,13784461;#N/A;#N/A;40;#N/A;#N/A;40;45,04549774
2023;OVERALL;70;Laos;Asian Cycling Confederation;Ariya Phounsavath;952;54,72932331;#N/A;#N/A;40;#N/A;#N/A;40;44,90932534
2023;OVERALL;71;Morocco;Confédération Africaine de Cyclisme;Youssef Bdadou;1152;52,38095238;#N/A;#N/A;40;#N/A;#N/A;40;44,12654286
2023;OVERALL;72;Angola;Confédération Africaine de Cyclisme;Bruno Araujo;1336;50,12531328;#N/A;#N/A;40;#N/A;#N/A;40;43,37467068
2023;OVERALL;72;Armenia;Union Européenne de Cyclisme;Stepan Grigoryan;1336;50,12531328;#N/A;#N/A;40;#N/A;#N/A;40;43,37467068
2023;OVERALL;72;Azerbaijan;Union Européenne de Cyclisme;Elgun Alizada;1336;50,12531328;#N/A;#N/A;40;#N/A;#N/A;40;43,37467068
2023;OVERALL;72;Bahrain;Asian Cycling Confederation;Ahmed Madan;1336;50,12531328;#N/A;#N/A;40;#N/A;#N/A;40;43,37467068
2023;OVERALL;72;Belize;Confederación Panamericana de Ciclismo;Cory Williams;1336;50,12531328;#N/A;#N/A;40;#N/A;#N/A;40;43,37467068
2023;OVERALL;72;Bolivia;Confederación Panamericana de Ciclismo;Jose Manuel Aramayo;1336;50,12531328;#N/A;#N/A;40;#N/A;#N/A;40;43,37467068
2023;OVERALL;72;Bulgaria;Union Européenne de Cyclisme;Yordan Andreev;1336;50,12531328;#N/A;#N/A;40;#N/A;#N/A;40;43,37467068
2023;OVERALL;72;Cuba;Confederación Panamericana de Ciclismo;Ramon Four Christian Perez;1336;50,12531328;#N/A;#N/A;40;#N/A;#N/A;40;43,37467068
2023;OVERALL;72;Egypt;Confédération Africaine de Cyclisme;Abdelrahman Adel Elzoghaby;1336;50,12531328;#N/A;#N/A;40;#N/A;#N/A;40;43,37467068
2023;OVERALL;72;Guam;Oceanian Cycling Confederation;Dan Aponik;1336;50,12531328;#N/A;#N/A;40;#N/A;#N/A;40;43,37467068
2023;OVERALL;72;Hong Kong;Asian Cycling Confederation;Paolo Caputo;1336;50,12531328;#N/A;#N/A;40;#N/A;#N/A;40;43,37467068
2023;OVERALL;72;Kuwait;Asian Cycling Confederation;Abdulhadi Alajmi;1336;50,12531328;#N/A;#N/A;40;#N/A;#N/A;40;43,37467068
2023;OVERALL;72;Lithuania;Union Européenne de Cyclisme;Rokas Adomaitis;1336;50,12531328;#N/A;#N/A;40;#N/A;#N/A;40;43,37467068
2023;OVERALL;72;Malta;Union Européenne de Cyclisme;Aidan Buttigieg;1336;50,12531328;#N/A;#N/A;40;#N/A;#N/A;40;43,37467068
2023;OVERALL;72;North Macedonia;Union Européenne de Cyclisme;Dimitar Jovanoski;1336;50,12531328;#N/A;#N/A;40;#N/A;#N/A;40;43,37467068
2023;OVERALL;72;Oman;Asian Cycling Confederation;Bilal Alsaadi;1336;50,12531328;#N/A;#N/A;40;#N/A;#N/A;40;43,37467068
2023;OVERALL;72;Peru;Confederación Panamericana de Ciclismo;Hugo Nestor Emiliano Ruiz;1336;50,12531328;#N/A;#N/A;40;#N/A;#N/A;40;43,37467068
2023;OVERALL;72;Qatar;Asian Cycling Confederation;Fadhel Al Khater;1336;50,12531328;#N/A;#N/A;40;#N/A;#N/A;40;43,37467068
2023;OVERALL;72;Saudi Arabia;Asian Cycling Confederation;Azzam Alabdulmunim;1336;50,12531328;#N/A;#N/A;40;#N/A;#N/A;40;43,37467068
2023;OVERALL;72;Tunisia;Confédération Africaine de Cyclisme;Habouriya Maher;1336;50,12531328;#N/A;#N/A;40;#N/A;#N/A;40;43,37467068
2023;OVERALL;72;Turkey;Union Européenne de Cyclisme;Burak Abay;1336;50,12531328;#N/A;#N/A;40;#N/A;#N/A;40;43,37467068
2023;OVERALL;93;Afghanistan;Asian Cycling Confederation;#N/A;#N/A;40;#N/A;#N/A;40;#N/A;#N/A;40;39,9996
2023;OVERALL;93;Albania;Union Européenne de Cyclisme;#N/A;#N/A;40;#N/A;#N/A;40;#N/A;#N/A;40;39,9996
2023;OVERALL;93;Antigua and Barbuda;Confederación Panamericana de Ciclismo;#N/A;#N/A;40;#N/A;#N/A;40;#N/A;#N/A;40;39,9996
2023;OVERALL;93;Benin;Confédération Africaine de Cyclisme;#N/A;#N/A;40;#N/A;#N/A;40;#N/A;#N/A;40;39,9996
2023;OVERALL;93;Bermuda;Confederación Panamericana de Ciclismo;#N/A;#N/A;40;#N/A;#N/A;40;#N/A;#N/A;40;39,9996
2023;OVERALL;93;Burkina Faso;Confédération Africaine de Cyclisme;#N/A;#N/A;40;#N/A;#N/A;40;#N/A;#N/A;40;39,9996
2023;OVERALL;93;Cameroon;Confédération Africaine de Cyclisme;#N/A;#N/A;40;#N/A;#N/A;40;#N/A;#N/A;40;39,9996
2023;OVERALL;93;Dominican Republic;Confederación Panamericana de Ciclismo;#N/A;#N/A;40;#N/A;#N/A;40;#N/A;#N/A;40;39,9996
2023;OVERALL;93;El Salvador;Confederación Panamericana de Ciclismo;#N/A;#N/A;40;#N/A;#N/A;40;#N/A;#N/A;40;39,9996
2023;OVERALL;93;French Polynesia;Oceanian Cycling Confederation;#N/A;#N/A;40;#N/A;#N/A;40;#N/A;#N/A;40;39,9996
2023;OVERALL;93;Ghana;Confédération Africaine de Cyclisme;#N/A;#N/A;40;#N/A;#N/A;40;#N/A;#N/A;40;39,9996
2023;OVERALL;93;Guatemala;Confederación Panamericana de Ciclismo;#N/A;#N/A;40;#N/A;#N/A;40;#N/A;#N/A;40;39,9996
2023;OVERALL;93;Guyana;Confederación Panamericana de Ciclismo;#N/A;#N/A;40;#N/A;#N/A;40;#N/A;#N/A;40;39,9996
2023;OVERALL;93;Honduras;Confederación Panamericana de Ciclismo;#N/A;#N/A;40;#N/A;#N/A;40;#N/A;#N/A;40;39,9996
2023;OVERALL;93;Isle of Man;Union Européenne de Cyclisme;#N/A;#N/A;40;#N/A;#N/A;40;#N/A;#N/A;40;39,9996
2023;OVERALL;93;Kenya;Confédération Africaine de Cyclisme;#N/A;#N/A;40;#N/A;#N/A;40;#N/A;#N/A;40;39,9996
2023;OVERALL;93;Kyrgyzstan;Asian Cycling Confederation;#N/A;#N/A;40;#N/A;#N/A;40;#N/A;#N/A;40;39,9996
2023;OVERALL;93;Macau;Asian Cycling Confederation;#N/A;#N/A;40;#N/A;#N/A;40;#N/A;#N/A;40;39,9996
2023;OVERALL;93;Mali;Confédération Africaine de Cyclisme;#N/A;#N/A;40;#N/A;#N/A;40;#N/A;#N/A;40;39,9996
2023;OVERALL;93;Mauritania;Confédération Africaine de Cyclisme;#N/A;#N/A;40;#N/A;#N/A;40;#N/A;#N/A;40;39,9996
2023;OVERALL;93;Mix;0;#N/A;#N/A;40;#N/A;#N/A;40;#N/A;#N/A;40;39,9996
2023;OVERALL;93;Montenegro;Union Européenne de Cyclisme;#N/A;#N/A;40;#N/A;#N/A;40;#N/A;#N/A;40;39,9996
2023;OVERALL;93;Namibia;Confédération Africaine de Cyclisme;#N/A;#N/A;40;#N/A;#N/A;40;#N/A;#N/A;40;39,9996
2023;OVERALL;93;Nicaragua;Confederación Panamericana de Ciclismo;#N/A;#N/A;40;#N/A;#N/A;40;#N/A;#N/A;40;39,9996
2023;OVERALL;93;Niger;Confédération Africaine de Cyclisme;#N/A;#N/A;40;#N/A;#N/A;40;#N/A;#N/A;40;39,9996
2023;OVERALL;93;Nigeria;Confédération Africaine de Cyclisme;#N/A;#N/A;40;#N/A;#N/A;40;#N/A;#N/A;40;39,9996
2023;OVERALL;93;Paraguay;Confederación Panamericana de Ciclismo;#N/A;#N/A;40;#N/A;#N/A;40;#N/A;#N/A;40;39,9996
2023;OVERALL;93;Refugee;0;#N/A;#N/A;40;#N/A;#N/A;40;#N/A;#N/A;40;39,9996
2023;OVERALL;93;Réunion;Confédération Africaine de Cyclisme;#N/A;#N/A;40;#N/A;#N/A;40;#N/A;#N/A;40;39,9996
2023;OVERALL;93;San Marino;Union Européenne de Cyclisme;#N/A;#N/A;40;#N/A;#N/A;40;#N/A;#N/A;40;39,9996
2023;OVERALL;93;Singapore;Asian Cycling Confederation;#N/A;#N/A;40;#N/A;#N/A;40;#N/A;#N/A;40;39,9996
2023;OVERALL;93;Tanzania;Confédération Africaine de Cyclisme;#N/A;#N/A;40;#N/A;#N/A;40;#N/A;#N/A;40;39,9996
2023;OVERALL;93;Trinidad and Tobago;Confederación Panamericana de Ciclismo;#N/A;#N/A;40;#N/A;#N/A;40;#N/A;#N/A;40;39,9996
2023;OVERALL;93;Uganda;Confédération Africaine de Cyclisme;#N/A;#N/A;40;#N/A;#N/A;40;#N/A;#N/A;40;39,9996
2023;OVERALL;93;United Arab Emirates;Asian Cycling Confederation;#N/A;#N/A;40;#N/A;#N/A;40;#N/A;#N/A;40;39,9996
2023;OVERALL;93;Vatican;Union Européenne de Cyclisme;#N/A;#N/A;40;#N/A;#N/A;40;#N/A;#N/A;40;39,9996
2023;OVERALL;93;Vietnam;Asian Cycling Confederation;#N/A;#N/A;40;#N/A;#N/A;40;#N/A;#N/A;40;39,9996
2023;OVERALL;93;Virgin Islands;Confederación Panamericana de Ciclismo;#N/A;#N/A;40;#N/A;#N/A;40;#N/A;#N/A;40;39,9996
2026;OVERALL;1;Great Britain;Union Européenne de Cyclisme;Samuel Watson;1;58,39598997;Ethan Vernon;2;56,89223058;Hamish Armitt;11;50,12531328;55,13729323
2026;OVERALL;2;Australia;Oceanian Cycling Confederation;Jay Vine;4;55,63909774;Oliver Bleddyn;9;52,88220551;Jensen Plowright;10;52,13032581;53,55000752
2026;OVERALL;3;New Zealand;Oceanian Cycling Confederation;Laurence Pithie;3;56,14035088;Hamish Beadle;11;50,12531328;#N/A;#N/A;40;48,75473383
2026;OVERALL;4;France;Union Européenne de Cyclisme;Pierre Gautherat;5;55,13784461;Julian Alaphilippe;11;50,12531328;#N/A;#N/A;40;48,42056842
2026;OVERALL;5;Switzerland;Union Européenne de Cyclisme;Mauro Schmid;6;54,63659148;Matteo Badilatti;11;50,12531328;#N/A;#N/A;40;48,25348571
2026;OVERALL;6;Netherlands;Union Européenne de Cyclisme;Maikel Zijlaard;7;53,88471178;Thymen Arensman;11;50,12531328;#N/A;#N/A;40;48,00286165
2026;OVERALL;7;Germany;Union Européenne de Cyclisme;Tim Torn Teutenberg;8;53,63408521;Pascal Ackermann;11;50,12531328;#N/A;#N/A;40;47,9193203
2026;OVERALL;8;Albania;Union Européenne de Cyclisme;Gabriele De Fabritiis;11;50,12531328;#N/A;#N/A;40;#N/A;#N/A;40;43,37467068
2026;OVERALL;8;Algeria;Confédération Africaine de Cyclisme;Abdelhak Benganif;11;50,12531328;#N/A;#N/A;40;#N/A;#N/A;40;43,37467068
2026;OVERALL;8;Argentina;Confederación Panamericana de Ciclismo;Fabrizio Crozzolo;11;50,12531328;#N/A;#N/A;40;#N/A;#N/A;40;43,37467068
2026;OVERALL;8;Austria;Union Européenne de Cyclisme;Tobias Bayer;11;50,12531328;#N/A;#N/A;40;#N/A;#N/A;40;43,37467068
2026;OVERALL;8;Bahrain;Asian Cycling Confederation;Ahmed Madan;11;50,12531328;#N/A;#N/A;40;#N/A;#N/A;40;43,37467068
2026;OVERALL;8;Belarus;Union Européenne de Cyclisme;Mikita Babovich;11;50,12531328;#N/A;#N/A;40;#N/A;#N/A;40;43,37467068
2026;OVERALL;8;Belgium;Union Européenne de Cyclisme;Toon Aerts;11;50,12531328;#N/A;#N/A;40;#N/A;#N/A;40;43,37467068
2026;OVERALL;8;Belize;Confederación Panamericana de Ciclismo;Derrick Chavarria;11;50,12531328;#N/A;#N/A;40;#N/A;#N/A;40;43,37467068
2026;OVERALL;8;Bolivia;Confederación Panamericana de Ciclismo;Jose Manuel Aramayo;11;50,12531328;#N/A;#N/A;40;#N/A;#N/A;40;43,37467068
2026;OVERALL;8;Brazil;Confederación Panamericana de Ciclismo;Henrique da Silva Avancini;11;50,12531328;#N/A;#N/A;40;#N/A;#N/A;40;43,37467068
2026;OVERALL;8;Cameroon;Confédération Africaine de Cyclisme;Jordan Kamdem Fodjo;11;50,12531328;#N/A;#N/A;40;#N/A;#N/A;40;43,37467068
2026;OVERALL;8;Canada;Confederación Panamericana de Ciclismo;Guillaume Boivin;11;50,12531328;#N/A;#N/A;40;#N/A;#N/A;40;43,37467068
2026;OVERALL;8;Chile;Confederación Panamericana de Ciclismo;Vicente Rojas;11;50,12531328;#N/A;#N/A;40;#N/A;#N/A;40;43,37467068
2026;OVERALL;8;China;Asian Cycling Confederation;Haoyu Su;11;50,12531328;#N/A;#N/A;40;#N/A;#N/A;40;43,37467068
2026;OVERALL;8;Colombia;Confederación Panamericana de Ciclismo;Egan Bernal;11;50,12531328;#N/A;#N/A;40;#N/A;#N/A;40;43,37467068
2026;OVERALL;8;Costa Rica;Confederación Panamericana de Ciclismo;Sebastian Brenes;11;50,12531328;#N/A;#N/A;40;#N/A;#N/A;40;43,37467068
2026;OVERALL;8;Croatia;Union Européenne de Cyclisme;Fran Miholjević;11;50,12531328;#N/A;#N/A;40;#N/A;#N/A;40;43,37467068
2026;OVERALL;8;Cyprus;Union Européenne de Cyclisme;Andreas Miltiadis;11;50,12531328;#N/A;#N/A;40;#N/A;#N/A;40;43,37467068
2026;OVERALL;8;Czechia;Union Européenne de Cyclisme;Pavel Bittner;11;50,12531328;#N/A;#N/A;40;#N/A;#N/A;40;43,37467068
2026;OVERALL;8;Denmark;Union Européenne de Cyclisme;Tobias Lund Andresen;11;50,12531328;#N/A;#N/A;40;#N/A;#N/A;40;43,37467068
2026;OVERALL;8;Ecuador;Confederación Panamericana de Ciclismo;Richard Carapaz;11;50,12531328;#N/A;#N/A;40;#N/A;#N/A;40;43,37467068
2026;OVERALL;8;Eritrea;Confédération Africaine de Cyclisme;Amanuel Ghebreigzabhier;11;50,12531328;#N/A;#N/A;40;#N/A;#N/A;40;43,37467068
2026;OVERALL;8;Estonia;Union Européenne de Cyclisme;Madis Mihkels;11;50,12531328;#N/A;#N/A;40;#N/A;#N/A;40;43,37467068
2026;OVERALL;8;Ethiopia;Confédération Africaine de Cyclisme;Negasi Haylu Abreha;11;50,12531328;#N/A;#N/A;40;#N/A;#N/A;40;43,37467068
2026;OVERALL;8;Finland;Union Européenne de Cyclisme;Matias Ahtosalo;11;50,12531328;#N/A;#N/A;40;#N/A;#N/A;40;43,37467068
2026;OVERALL;8;Greece;Union Européenne de Cyclisme;Georgios Bouglas;11;50,12531328;#N/A;#N/A;40;#N/A;#N/A;40;43,37467068
2026;OVERALL;8;Guam;Oceanian Cycling Confederation;Dan Aponik;11;50,12531328;#N/A;#N/A;40;#N/A;#N/A;40;43,37467068
2026;OVERALL;8;Guatemala;Confederación Panamericana de Ciclismo;Sergio Geovani Chumil;11;50,12531328;#N/A;#N/A;40;#N/A;#N/A;40;43,37467068
2026;OVERALL;8;Hong Kong;Asian Cycling Confederation;Shi Ho Cheung;11;50,12531328;#N/A;#N/A;40;#N/A;#N/A;40;43,37467068
2026;OVERALL;8;Hungary;Union Européenne de Cyclisme;Márton Dina;11;50,12531328;#N/A;#N/A;40;#N/A;#N/A;40;43,37467068
2026;OVERALL;8;Indonesia;Asian Cycling Confederation;Akhmad Fahreza Syahidin Abdillah;11;50,12531328;#N/A;#N/A;40;#N/A;#N/A;40;43,37467068
2026;OVERALL;8;Iran;Asian Cycling Confederation;Ramin Akbari;11;50,12531328;#N/A;#N/A;40;#N/A;#N/A;40;43,37467068
2026;OVERALL;8;Ireland;Union Européenne de Cyclisme;Sam Bennett;11;50,12531328;#N/A;#N/A;40;#N/A;#N/A;40;43,37467068
2026;OVERALL;8;Israel;Union Européenne de Cyclisme;Itamar Einhorn;11;50,12531328;#N/A;#N/A;40;#N/A;#N/A;40;43,37467068
2026;OVERALL;8;Italy;Union Européenne de Cyclisme;Edoardo Affini;11;50,12531328;#N/A;#N/A;40;#N/A;#N/A;40;43,37467068
2026;OVERALL;8;Japan;Asian Cycling Confederation;Yukiya Arashiro;11;50,12531328;#N/A;#N/A;40;#N/A;#N/A;40;43,37467068
2026;OVERALL;8;Kazakhstan;Asian Cycling Confederation;Yevgeniy Fedorov;11;50,12531328;#N/A;#N/A;40;#N/A;#N/A;40;43,37467068
2026;OVERALL;8;Laos;Asian Cycling Confederation;Ariya Phounsavath;11;50,12531328;#N/A;#N/A;40;#N/A;#N/A;40;43,37467068
2026;OVERALL;8;Latvia;Union Européenne de Cyclisme;Emīls Liepiņš;11;50,12531328;#N/A;#N/A;40;#N/A;#N/A;40;43,37467068
2026;OVERALL;8;Lithuania;Union Européenne de Cyclisme;Aivaras Mikutis;11;50,12531328;#N/A;#N/A;40;#N/A;#N/A;40;43,37467068
2026;OVERALL;8;Luxembourg;Union Européenne de Cyclisme;Kevin Geniets;11;50,12531328;#N/A;#N/A;40;#N/A;#N/A;40;43,37467068
2026;OVERALL;8;Macau;Asian Cycling Confederation;Chin Pok Kam;11;50,12531328;#N/A;#N/A;40;#N/A;#N/A;40;43,37467068
2026;OVERALL;8;Malaysia;Asian Cycling Confederation;Muhammad Shahmir Aiman Abdul Halim;11;50,12531328;#N/A;#N/A;40;#N/A;#N/A;40;43,37467068
2026;OVERALL;8;Malta;Union Européenne de Cyclisme;Aidan Buttigieg;11;50,12531328;#N/A;#N/A;40;#N/A;#N/A;40;43,37467068
2026;OVERALL;8;Mauritius;Confédération Africaine de Cyclisme;Alexandre Mayer;11;50,12531328;#N/A;#N/A;40;#N/A;#N/A;40;43,37467068
2026;OVERALL;8;Mexico;Confederación Panamericana de Ciclismo;Isaac del Toro;11;50,12531328;#N/A;#N/A;40;#N/A;#N/A;40;43,37467068
2026;OVERALL;8;Monaco;Union Européenne de Cyclisme;Victor Langellotti;11;50,12531328;#N/A;#N/A;40;#N/A;#N/A;40;43,37467068
2026;OVERALL;8;Mongolia;Asian Cycling Confederation;Jambaljamts Sainbayar;11;50,12531328;#N/A;#N/A;40;#N/A;#N/A;40;43,37467068
2026;OVERALL;8;Morocco;Confédération Africaine de Cyclisme;Saad Ait Akbour;11;50,12531328;#N/A;#N/A;40;#N/A;#N/A;40;43,37467068
2026;OVERALL;8;Norway;Union Européenne de Cyclisme;Jonas Abrahamsen;11;50,12531328;#N/A;#N/A;40;#N/A;#N/A;40;43,37467068
2026;OVERALL;8;Panama;Confederación Panamericana de Ciclismo;Franklin Archibold;11;50,12531328;#N/A;#N/A;40;#N/A;#N/A;40;43,37467068
2026;OVERALL;8;Philippines;Asian Cycling Confederation;John Andre Aguja;11;50,12531328;#N/A;#N/A;40;#N/A;#N/A;40;43,37467068
2026;OVERALL;8;Poland;Union Européenne de Cyclisme;Stanisław Aniołkowski;11;50,12531328;#N/A;#N/A;40;#N/A;#N/A;40;43,37467068
2026;OVERALL;8;Portugal;Union Européenne de Cyclisme;João Almeida;11;50,12531328;#N/A;#N/A;40;#N/A;#N/A;40;43,37467068
2026;OVERALL;8;Refugee;0;Amir Arsalan Ansari;11;50,12531328;#N/A;#N/A;40;#N/A;#N/A;40;43,37467068
2026;OVERALL;8;Romania;Union Européenne de Cyclisme;Leonard Barbu;11;50,12531328;#N/A;#N/A;40;#N/A;#N/A;40;43,37467068
2026;OVERALL;8;Russia;Union Européenne de Cyclisme;Roman Ermakov;11;50,12531328;#N/A;#N/A;40;#N/A;#N/A;40;43,37467068
2026;OVERALL;8;Serbia;Union Européenne de Cyclisme;Dušan Rajović;11;50,12531328;#N/A;#N/A;40;#N/A;#N/A;40;43,37467068
2026;OVERALL;8;Slovakia;Union Européenne de Cyclisme;Lukáš Kubiš;11;50,12531328;#N/A;#N/A;40;#N/A;#N/A;40;43,37467068
2026;OVERALL;8;Slovenia;Union Européenne de Cyclisme;Žak Eržen;11;50,12531328;#N/A;#N/A;40;#N/A;#N/A;40;43,37467068
2026;OVERALL;8;South Africa;Confédération Africaine de Cyclisme;Stefan de Bod;11;50,12531328;#N/A;#N/A;40;#N/A;#N/A;40;43,37467068
2026;OVERALL;8;South Korea;Asian Cycling Confederation;Aseom Cha;11;50,12531328;#N/A;#N/A;40;#N/A;#N/A;40;43,37467068
2026;OVERALL;8;Spain;Union Européenne de Cyclisme;Roger Adrià;11;50,12531328;#N/A;#N/A;40;#N/A;#N/A;40;43,37467068
2026;OVERALL;8;Sweden;Union Européenne de Cyclisme;Jacob Eriksson;11;50,12531328;#N/A;#N/A;40;#N/A;#N/A;40;43,37467068
2026;OVERALL;8;Taiwan;Asian Cycling Confederation;Yen Yi Ho;11;50,12531328;#N/A;#N/A;40;#N/A;#N/A;40;43,37467068
2026;OVERALL;8;Thailand;Asian Cycling Confederation;Kerkkreat Boonsa-Ardth;11;50,12531328;#N/A;#N/A;40;#N/A;#N/A;40;43,37467068
2026;OVERALL;8;Turkey;Union Européenne de Cyclisme;Adem Ateş;11;50,12531328;#N/A;#N/A;40;#N/A;#N/A;40;43,37467068
2026;OVERALL;8;Ukraine;Union Européenne de Cyclisme;Heorhii Antonenko;11;50,12531328;#N/A;#N/A;40;#N/A;#N/A;40;43,37467068
2026;OVERALL;8;United Arab Emirates;Asian Cycling Confederation;Mohammad Almutaiwei;11;50,12531328;#N/A;#N/A;40;#N/A;#N/A;40;43,37467068
2026;OVERALL;8;United States;Confederación Panamericana de Ciclismo;Andrew August;11;50,12531328;#N/A;#N/A;40;#N/A;#N/A;40;43,37467068
2026;OVERALL;8;Uruguay;Confederación Panamericana de Ciclismo;Eric Antonio Fagúndez;11;50,12531328;#N/A;#N/A;40;#N/A;#N/A;40;43,37467068
2026;OVERALL;8;Uzbekistan;Asian Cycling Confederation;Sergey Rostovtsev;11;50,12531328;#N/A;#N/A;40;#N/A;#N/A;40;43,37467068
2026;OVERALL;8;Venezuela;Confederación Panamericana de Ciclismo;Orluis Aular;11;50,12531328;#N/A;#N/A;40;#N/A;#N/A;40;43,37467068
2026;OVERALL;8;Vietnam;Asian Cycling Confederation;Lê Xuân Lộc Phạm;11;50,12531328;#N/A;#N/A;40;#N/A;#N/A;40;43,37467068
2026;OVERALL;82;Afghanistan;Asian Cycling Confederation;#N/A;#N/A;40;#N/A;#N/A;40;#N/A;#N/A;40;39,9996
2026;OVERALL;82;Andorra;Union Européenne de Cyclisme;#N/A;#N/A;40;#N/A;#N/A;40;#N/A;#N/A;40;39,9996
2026;OVERALL;82;Angola;Confédération Africaine de Cyclisme;#N/A;#N/A;40;#N/A;#N/A;40;#N/A;#N/A;40;39,9996
2026;OVERALL;82;Antigua and Barbuda;Confederación Panamericana de Ciclismo;#N/A;#N/A;40;#N/A;#N/A;40;#N/A;#N/A;40;39,9996
2026;OVERALL;82;Armenia;Union Européenne de Cyclisme;#N/A;#N/A;40;#N/A;#N/A;40;#N/A;#N/A;40;39,9996
2026;OVERALL;82;Azerbaijan;Union Européenne de Cyclisme;#N/A;#N/A;40;#N/A;#N/A;40;#N/A;#N/A;40;39,9996
2026;OVERALL;82;Benin;Confédération Africaine de Cyclisme;#N/A;#N/A;40;#N/A;#N/A;40;#N/A;#N/A;40;39,9996
2026;OVERALL;82;Bermuda;Confederación Panamericana de Ciclismo;#N/A;#N/A;40;#N/A;#N/A;40;#N/A;#N/A;40;39,9996
2026;OVERALL;82;Bulgaria;Union Européenne de Cyclisme;#N/A;#N/A;40;#N/A;#N/A;40;#N/A;#N/A;40;39,9996
2026;OVERALL;82;Burkina Faso;Confédération Africaine de Cyclisme;#N/A;#N/A;40;#N/A;#N/A;40;#N/A;#N/A;40;39,9996
2026;OVERALL;82;Czech Republic;Union Européenne de Cyclisme;#N/A;#N/A;40;#N/A;#N/A;40;#N/A;#N/A;40;39,9996
2026;OVERALL;82;Dominican Republic;Confederación Panamericana de Ciclismo;#N/A;#N/A;40;#N/A;#N/A;40;#N/A;#N/A;40;39,9996
2026;OVERALL;82;Egypt;Confédération Africaine de Cyclisme;#N/A;#N/A;40;#N/A;#N/A;40;#N/A;#N/A;40;39,9996
2026;OVERALL;82;El Salvador;Confederación Panamericana de Ciclismo;#N/A;#N/A;40;#N/A;#N/A;40;#N/A;#N/A;40;39,9996
2026;OVERALL;82;French Polynesia;Oceanian Cycling Confederation;#N/A;#N/A;40;#N/A;#N/A;40;#N/A;#N/A;40;39,9996
2026;OVERALL;82;Ghana;Confédération Africaine de Cyclisme;#N/A;#N/A;40;#N/A;#N/A;40;#N/A;#N/A;40;39,9996
2026;OVERALL;82;Grenada;Confederación Panamericana de Ciclismo;#N/A;#N/A;40;#N/A;#N/A;40;#N/A;#N/A;40;39,9996
2026;OVERALL;82;Guyana;Confederación Panamericana de Ciclismo;#N/A;#N/A;40;#N/A;#N/A;40;#N/A;#N/A;40;39,9996
2026;OVERALL;82;Honduras;Confederación Panamericana de Ciclismo;#N/A;#N/A;40;#N/A;#N/A;40;#N/A;#N/A;40;39,9996
2026;OVERALL;82;Iraq;Asian Cycling Confederation;#N/A;#N/A;40;#N/A;#N/A;40;#N/A;#N/A;40;39,9996
2026;OVERALL;82;Isle of Man;Union Européenne de Cyclisme;#N/A;#N/A;40;#N/A;#N/A;40;#N/A;#N/A;40;39,9996
2026;OVERALL;82;Kenya;Confédération Africaine de Cyclisme;#N/A;#N/A;40;#N/A;#N/A;40;#N/A;#N/A;40;39,9996
2026;OVERALL;82;Kyrgyzstan;Asian Cycling Confederation;#N/A;#N/A;40;#N/A;#N/A;40;#N/A;#N/A;40;39,9996
2026;OVERALL;82;Mali;Confédération Africaine de Cyclisme;#N/A;#N/A;40;#N/A;#N/A;40;#N/A;#N/A;40;39,9996
2026;OVERALL;82;Mauritania;Confédération Africaine de Cyclisme;#N/A;#N/A;40;#N/A;#N/A;40;#N/A;#N/A;40;39,9996
2026;OVERALL;82;Mix;0;#N/A;#N/A;40;#N/A;#N/A;40;#N/A;#N/A;40;39,9996
2026;OVERALL;82;Montenegro;Union Européenne de Cyclisme;#N/A;#N/A;40;#N/A;#N/A;40;#N/A;#N/A;40;39,9996
2026;OVERALL;82;Namibia;Confédération Africaine de Cyclisme;#N/A;#N/A;40;#N/A;#N/A;40;#N/A;#N/A;40;39,9996
2026;OVERALL;82;Nicaragua;Confederación Panamericana de Ciclismo;#N/A;#N/A;40;#N/A;#N/A;40;#N/A;#N/A;40;39,9996
2026;OVERALL;82;Niger;Confédération Africaine de Cyclisme;#N/A;#N/A;40;#N/A;#N/A;40;#N/A;#N/A;40;39,9996
2026;OVERALL;82;Nigeria;Confédération Africaine de Cyclisme;#N/A;#N/A;40;#N/A;#N/A;40;#N/A;#N/A;40;39,9996
2026;OVERALL;82;North Macedonia;Union Européenne de Cyclisme;#N/A;#N/A;40;#N/A;#N/A;40;#N/A;#N/A;40;39,9996
2026;OVERALL;82;Oman;Asian Cycling Confederation;#N/A;#N/A;40;#N/A;#N/A;40;#N/A;#N/A;40;39,9996
2026;OVERALL;82;Paraguay;Confederación Panamericana de Ciclismo;#N/A;#N/A;40;#N/A;#N/A;40;#N/A;#N/A;40;39,9996
2026;OVERALL;82;Puerto Rico;Confederación Panamericana de Ciclismo;#N/A;#N/A;40;#N/A;#N/A;40;#N/A;#N/A;40;39,9996
2026;OVERALL;82;Qatar;Asian Cycling Confederation;#N/A;#N/A;40;#N/A;#N/A;40;#N/A;#N/A;40;39,9996
2026;OVERALL;82;Réunion;Confédération Africaine de Cyclisme;#N/A;#N/A;40;#N/A;#N/A;40;#N/A;#N/A;40;39,9996
2026;OVERALL;82;Rwanda;Confédération Africaine de Cyclisme;#N/A;#N/A;40;#N/A;#N/A;40;#N/A;#N/A;40;39,9996
2026;OVERALL;82;San Marino;Union Européenne de Cyclisme;#N/A;#N/A;40;#N/A;#N/A;40;#N/A;#N/A;40;39,9996
2026;OVERALL;82;Saudi Arabia;Asian Cycling Confederation;#N/A;#N/A;40;#N/A;#N/A;40;#N/A;#N/A;40;39,9996
2026;OVERALL;82;Singapore;Asian Cycling Confederation;#N/A;#N/A;40;#N/A;#N/A;40;#N/A;#N/A;40;39,9996
2026;OVERALL;82;Tanzania;Confédération Africaine de Cyclisme;#N/A;#N/A;40;#N/A;#N/A;40;#N/A;#N/A;40;39,9996
2026;OVERALL;82;Trinidad and Tobago;Confederación Panamericana de Ciclismo;#N/A;#N/A;40;#N/A;#N/A;40;#N/A;#N/A;40;39,9996
2026;OVERALL;82;Türkiye;Union Européenne de Cyclisme;#N/A;#N/A;40;#N/A;#N/A;40;#N/A;#N/A;40;39,9996
2026;OVERALL;82;Uganda;Confédération Africaine de Cyclisme;#N/A;#N/A;40;#N/A;#N/A;40;#N/A;#N/A;40;39,9996
2026;OVERALL;82;Vatican;Union Européenne de Cyclisme;#N/A;#N/A;40;#N/A;#N/A;40;#N/A;#N/A;40;39,9996
2026;OVERALL;82;Virgin Islands;Confederación Panamericana de Ciclismo;#N/A;#N/A;40;#N/A;#N/A;40;#N/A;#N/A;40;39,9996
